LEGACY,ALIGNMENT
Anne Arundel,Anne Arundel
Anne Arundel County,Anne Arundel
Arlingon County,Other
Arlington,Other
Arlington County,Other
Baltimore,Other
Baltimore CIty,Baltimore City
Baltimore County,Baltimore County
Baltimore MD,Other
BALTIMOREY CITY,Baltimore City
Baltmore,Other
Calvert,Calvert
Calvert County,Calvert
Caroline County,Caroline
Carrol County,Carroll
Carroll,Carroll
Carroll County,Carroll
Cecil,Cecil
Cecil County,Cecil
Charles County,Charles
Cumberland,Other
District of Columbia,Other
Dorchester,Dorchester
Dover,Other
Fairfax,Other
Fairfax VA,Other
Frederick,Frederick
Frederick County,Frederick
Frederick Countys,Frederick
Frederick Memorial,Other
Glen Burnie,Other
Harford,Harford
Harford County,Harford
Hartford,Harford
Howard,Howard
Howard County,Howard
Kent County,Kent
Loudoun County,Other
Montgomery,Montgomery
Montgomery County,Montgomery
PG,Prince George's
PG County,Prince George's
Prince George,Prince George's
Prince George County,Prince George's
Prince George's,Prince George's
Prince George's County,Prince George's
Prince Georges,Prince George's
Prince Georges County,Prince George's
Prince William County,Other
Sieffert Delaware,Other
Somerset,Somerset
Somerset County,Somerset
St. Marys County,St. Mary's
Washington County,Washington
Wicomico County,Wicomico
Wilmington,Other
Worcester County,Worcester
