pmCountyOfAccident,FV_CountyofIncident
(Request Albuquerque venue),Bernalillo
(San Juan),San Juan
(Texas),Out of State
"Alamosa County, CO",Out of State
Albuquerque,Bernalillo
Aztec,San Juan
Beranlillo,Bernalillo
Bernaillo,Bernalillo
Bernalillo,Bernalillo
Bernalillo County,Bernalillo
Bernallio,Bernalillo
Bernallioi,Bernalillo
Bernalllo,Bernalillo
Bernilillo,Bernalillo
Bernillilo,Bernalillo
Bernillo,Bernalillo
California,Out of State
Catron,Catron
Chaves,Chaves
Chaves County,Chaves
Chavez,Chaves
Chavez County,Chaves
Cibola,Cibola
Cibola County,Cibola
Clark County,Out of State
Colfax,Colfax
Colfax County,Colfax
Currey,Curry
Curry,Curry
Curry County,Curry
De Baca,De Baca
Do\241a Ana,Dona Ana
Dona Ana,Dona Ana
Dona Ana County,Dona Ana
Dona Anna,Dona Ana
Eddy,Eddy
Eddy County,Eddy
Eddy/Lea,Eddy
El Paso,Out of State
Elpaso County,Out of State
Grant,Grant
Grant County,Grant
Guadalupe,Guadalupe
Guadelupe,Guadalupe
Hidalgo,Hidalgo
Hildalgo,Hidalgo
Illinois,Out of State
La Plata,Out of State
La Plata County,Out of State
Larimer County,Out of State
Lea,Lea
Lea County,Lea
Lea or Eddy County,Lea
Lincoln,Lincoln
Lincoln County,Lincoln
Los Alamos,Los Alamos
Los Alamos County,Los Alamos
Lubbock County,Out of State
Luna,Luna
Luna County,Luna
maybe Lea County,Lea
"McKenzie County, ND",Out of State
McKinley,McKinley
Monterrey,Out of State
Mora,Mora
Muskingum County,Out of State
Navajo,Out of State
New Mexico,Out of State
New York,Out of State
NM,Out of State
Otero,Otero
Otero County,Otero
Pueblo,Out of State
Quay,Quay
Reeves (Texas),Out of State
"Reeves County, Texas",Out of State
"Reeves County, TX",Out of State
Rio Arriba,Rio Arriba
Rio Arriba County,Rio Arriba
Roosevelt,Roosevelt
Rosavelt,Roosevelt
Samta Fe,Santa Fe
San Juan,San Juan
San Juan County,San Juan
San Miguel,San Miguel
San Miguel County,San Miguel
Sandavoll,Sandoval
Sandoval,Sandoval
Sandoval County,Sandoval
Santa Afe,Santa Fe
"Santa Cruz County, AZ",Out of State
Santa Fe,Santa Fe
Santa Fe (not sure),Santa Fe
Santa Fe County,Santa Fe
Santa Rosa,Guadalupe
Sierra County,Sierra
Soccoro,Socorro
Socorro,Socorro
Socorro County,Socorro
Solano,Out of State
Taos,Taos
Taos County,Taos
Tarrant,Torrance
Texas,Out of State
Torrance,Torrance
Torrance County,Torrance
Torrence,Torrance
TX,Out of State
Union,Union
Valencia,Valencia
Valencia County,Valencia
Velencia,Valencia
