casetype Firm Central,Incident Type PI Template
Adoption,Family Law
Child Custody,Family Law
Child Support,Family Law
Childcare Licensing,Contracts
Conservatorships,Family Law
CPS,Family Law
Deportation Defense,
Discrimination,Civil Rights
Divorce,Family Law
DTPA,Consumer Law
Excessive Force,Civil Rights
Family Based Petition,
Green Card Renewal,
Guardianship,Family Law
Industrial Accident,Personal Injury
Insurance Coverage,Insurance
Insurance First Party,Personal Injury
Litigation,Personal Injury
Naturalization,
Negligence,Premise Liability
Probate,Wills & Estate Planning
Sec. 1983,Civil Rights
Slip and Fall,Personal Injury
Traffic Accident,Personal Injury
Wills and Trusts,Wills & Estate Planning
Wrongful Death,Wrongful Death
